{
  "designerVersion" : "1.6.46",
  "id" : "customAlaSqlOperation",
  "name" : "alaSqlOperation",
  "lastUpdate" : 1534963788167,
  "template" : "<!-- The custom widget template is defined here\n   - You can use standard HTML tags and AngularJS built-in directives, scope and interpolation system\n   - Custom widget properties defined on the right can be used as variables in a templates with properties.newProperty\n   - Functions exposed in the controller can be used with ctrl.newFunction()\n   - You can use the 'environment' property injected in the scope when inside the Editor whiteboard. It allows to define a mockup\n     of the Custom Widget to be displayed in the whiteboard only. By default the widget is represented by an auto-generated icon\n     and its name (See the <span> below).\n-->\n\n<span ng-if=\"environment\"><identicon name=\"{{environment.component.id}}\" size=\"30\" background-color=\"[255,255,255, 0]\" foreground-color=\"[51,51,51]\"></identicon> {{environment.component.name}}</span>\n\n\n<div ng-show=\"properties.showImport\">\n     <label\n            class=\"control-label col-xs\">\n            {{ properties.labelImported | uiTranslate }}\n    </label>\n       \n    <div class=\"input-group file-upload\">\n        <input type=\"text\" ng-focus=\"ctrl.preventFocus($event)\" placeholder=\"\" value=\"\" class=\"form-control\">\n\n        <!-- ngIf: ctrl.filemodel -->\n        <span class=\"input-group-btn\">\n            \n            <span class=\"btn btn-primary btn-default btn-primary\">\n                <input class=\"custom-file-upload-input\" \n                    id=\"readfile\" \n                    type=\"file\" \n                    onchange=\"angular.element(this).scope().loadFile( event, this )\" \n                    onclick=\"this.value=null\" \n                    ng-model=\"ctrl.importfile\">\n                <i class=\"glyphicon glyphicon-paperclip\"></i>\n            </span>\n        </span>\n    </div>\n    <div><center>  <button ng-click=\"\" class=\"btn btn-info\">Import</button></center></div>\n    <div class=\"alert alert-danger\" ng-show=\"ctrl.getStatusErrorImport().length > 0\">{{ctrl.getStatusErrorImport}}</div>\n\n</div>    \n\n<!-- <div class=\"alert alert-info\">FileModel={{properties.valueImported}}</div> -->\n\n\n<div ng-show=\"properties.showExport\">\n    <a href=\"\"  ng-click=\"ctrl.exportExcel()\">\n        <img src=\"widgets/customalaSqlOperation/assets/img/docexcel.gif\">\n        <label\n            class=\"control-label col-xs\">\n            {{ properties.labelExported | uiTranslate }}\n        </label>\n    </a>\n</div>\n\n",
  "controller" : "/**\n * The controller is a JavaScript function that augments the AngularJS scope and exposes functions that can be used in the custom widget template\n * \n * Custom widget properties defined on the right can be used as variables in a controller with $scope.properties\n * To use AngularJS standard services, you must declare them in the main function arguments.\n * \n * You can leave the controller empty if you do not need it.\n */\nfunction pbAlaSqlCtrl($scope) {\n    \n    var ctrl=this;\n    var vm=this;\n    \n    \n    this.exportExcel = function()\n    {\n        var mystyle = {\n\t\t\t\theaders:true,\n\t\t\t\tcolumns: [],\n\t\t};\n\t\t\n\t\tmystyle.columns = [ \n\t\t    { 'columnid': 'name', 'title': 'Name of the company'},\n\t\t    { 'columnid': 'adresse', 'title': 'Address'}\n        ];\n\t\t    \n\t\tvar dataJson = [ \n\t\t    {\"name\": \"Bonitasoft\", \"adresse\":\"51 rue gustave Eiffel\"},\n\t\t    {\"name\": \"Imagina international\"},\n\t\t    {\"name\": \"Cap Gemini\"},\n\t\t       \n\t\t]\n      console.log(\"widget alaSql: export filename:\"+$scope.properties.fileNameExported)\n       alasql('SELECT * INTO XLS(?,?) FROM ?', [$scope.properties.fileNameExported,$scope.properties.controlExport, $scope.properties.dataExport]);\n    }\n    \n    // --------------------------------- Import\n    this.init = function( )\n    {\n         $scope.properties.valueImported=[];\n         console.log(\"widget-alasqlOperation: Init\");\n    }\n    this.init();\n    \n    // see https://github.com/agershun/alasql/issues/971#issuecomment-360121191 to work with local file\n    // http://jsfiddle.net/3ve90afo/ ==> Ouah!\n    this.jsonloaded=[];\n    this.errorImport ='';\n    this.statusImport='';\n    \n   \n    $scope.loadFile = function(event, element) {\n\t    console.log(\"alasqlOperation: loadFile\");\n        var self=ctrl;\n\n        // it's not multiple: should have only one name here\n\t     var files = element.files;\n\t     var l = files.length;\n        for (var i = 0; i < l; i++) {\n            self.importFileName=files[i].name;\n            $scope.properties.fileNameImported=files[i].name;\n            console.log(\"alasqlOperation: loadFile file=\"+files[i].name);\n        }  \n        self.errorImport=\"\";\n        self.statusImport=\"Start loading;\";\n        \n        $scope.properties.valueImported=[];\n        $scope.properties.headerImported=[];\n        $scope.properties.statusImport=self.statusImport;\n        $scope.properties.errorImport=self.errorImport;\n\n\n\n        try\n        {\n    \t    alasql('SELECT * FROM FILE(?,{headers:true})',[event],function(data){\n\t    \t    console.log(\"widget-alasqlOperation: fileNameChanged decoded\");\n                console.log(data);\n                self.statusImport+=\"File detected;\";\n                self.updateData( angular.copy(data) );\n\t        });\n        } catch (ex){\n            self.errorImport += ex.message;\n            self.statusImport += \"error : \"+ex.message+\";\";\n        }\n    }\n\n  this.updateData = function ( data ) {\n        // console.log(data);\n        // get all the header value\n         this.statusImport+=\"Update data;\";\n        var header =[];\n        if (data.length>0)\n        {\n            var headerLine= data[ 0 ];\n            this.statusImport += \"Header(first line):\"+angular.toJson(data[0]);\n            for (var i in headerLine)\n            {\n                header.push( i );\n                console.log(\"widget-alasqlOperation:Header \"+i);\n            }\n        }\n        $scope.properties.valueImported=data;\n        $scope.properties.headerImported=header;\n        $scope.properties.statusImport=this.statusImport;\n        $scope.properties.errorImport=this.errorImport;\n        console.log(\"widget-alasqlOperation: Header\");\n        console.log($scope.properties.headerImported);\n        \n    }\n    \n    this.getStatusErrorImport = function() {\n        return  this.errorImport;\n    }\n\n}",
  "custom" : true,
  "properties" : [ {
    "label" : "showImport",
    "name" : "showImport",
    "type" : "boolean",
    "bond" : "expression"
  }, {
    "label" : "labelImported",
    "name" : "labelImported",
    "type" : "text",
    "defaultValue" : "Import a CSV or Excel file",
    "bond" : "expression"
  }, {
    "label" : "fileNameImported",
    "name" : "fileNameImported",
    "help" : "Give back the name of the file imported",
    "type" : "text",
    "bond" : "variable"
  }, {
    "label" : "headerImported",
    "name" : "headerImported",
    "type" : "text",
    "bond" : "variable"
  }, {
    "label" : "valueImported",
    "name" : "valueImported",
    "type" : "text",
    "bond" : "variable"
  }, {
    "label" : "statusImport",
    "name" : "statusImport",
    "help" : "Status of import",
    "type" : "text",
    "bond" : "variable"
  }, {
    "label" : "error Import",
    "name" : "errorImport",
    "help" : "Fullfill if an error arrive",
    "type" : "text",
    "bond" : "variable"
  }, {
    "label" : "showExport",
    "name" : "showExport",
    "type" : "boolean",
    "defaultValue" : true,
    "bond" : "constant"
  }, {
    "label" : "labelExported",
    "name" : "labelExported",
    "help" : "",
    "type" : "text",
    "bond" : "expression"
  }, {
    "label" : "Control Export",
    "name" : "controlExport",
    "help" : "Describe what is to be exported",
    "type" : "text",
    "bond" : "variable"
  }, {
    "label" : "dataExport",
    "name" : "dataExport",
    "help" : "Data to export (JSON format)",
    "type" : "text",
    "bond" : "variable"
  }, {
    "label" : "File Name Exported",
    "name" : "fileNameExported",
    "type" : "text",
    "bond" : "expression"
  } ],
  "assets" : [ {
    "id" : "bab6c77c-579c-48fb-9901-86e8c7a1686f",
    "name" : "https://cdn.jsdelivr.net/alasql/0.3/alasql.min.js",
    "type" : "js",
    "order" : 2,
    "external" : true
  }, {
    "id" : "4b6d04e3-f1e9-4ffd-a094-ed7bb5603c13",
    "name" : "https://cdnjs.cloudflare.com/ajax/libs/xlsx/0.10.3/xlsx.min.js",
    "type" : "js",
    "order" : 5,
    "external" : true
  }, {
    "id" : "c60d6b08-e6e1-4360-b4f8-3a94266fec8e",
    "name" : "https://cdnjs.cloudflare.com/ajax/libs/xlsx/0.10.3/xlsx.js",
    "type" : "js",
    "order" : 4,
    "external" : true
  }, {
    "id" : "8f15779e-af0d-4240-a501-887cf6bd59c2",
    "name" : "https://cdnjs.cloudflare.com/ajax/libs/xlsx/0.10.3/cpexcel.js",
    "type" : "js",
    "order" : 7,
    "external" : true
  }, {
    "id" : "46f795ec-6d19-48b5-a3a8-16ff68e4e990",
    "name" : "docexcel.gif",
    "type" : "img",
    "order" : 1,
    "external" : false
  }, {
    "id" : "808afa4b-827a-47d5-8d90-02d3fda73884",
    "name" : "https://cdnjs.cloudflare.com/ajax/libs/xlsx/0.10.3/xlsx.full.min.js",
    "type" : "js",
    "order" : 3,
    "external" : true
  }, {
    "id" : "c1faed1a-72fe-43e0-8217-1534737ca23c",
    "name" : "https://cdnjs.cloudflare.com/ajax/libs/xlsx/0.10.3/xlsx.core.min.js",
    "type" : "js",
    "order" : 6,
    "external" : true
  }, {
    "id" : "7bb74554-b3e2-4f7f-aed9-ccf93c159fdd",
    "name" : "ng-upload-0.5.19-patched.min.js",
    "type" : "js",
    "order" : 8,
    "external" : false
  }, {
    "id" : "890855e2-f8b7-46a1-8f5e-c301d594ba0e",
    "name" : "style.css",
    "type" : "css",
    "order" : 9,
    "external" : false
  } ],
  "requiredModules" : [ ],
  "type" : "widget",
  "hasHelp" : false
}